Workbook

Sheet README
A1: RQ2 Framework Integration Mapping Register, v3.2
A3: Chapter 5 / Appendix A supporting artefact | Public GitHub version | 3 September 2026
A5: Workbook summary | D5: Purpose and use
A6: Frameworks | B6: 6 | D6: Purpose | E6: Records the 42 relationship-aware mappings used for RQ2 and the subsequent SCF 2026.2 documentary benchmark.
A7: IR pivots | B7: 7 | D7: Primary artefact | E7: The FIM mapping remains the researcher-developed six-framework × seven-pivot register.
A8: Primary mapping cells | B8: 42 | D8: SCF role | E8: SCF is used as an external documentary comparator. It is not treated as a second coder or empirical validation.
A9: SCF-comparable cells | B9: 28 | D9: Version history | E9: v3.1 represents the pre-benchmark register. v3.2 preserves all original classifications except one conservative recoding following primary-source review triggered by the SCF comparison.
A10: SCF benchmark outcome | B10: 21 V1; 6 V2; 1 V3; 0 V4; 14 V0 | D10: Public-use note | E10: Framework and standards content is paraphrased where required. Source identifiers and official locations are provided for research traceability. Third-party standards and framework content remain subject to the rights of their respective owners.
A11: Post-benchmark changes | B11: 1 cell (Essential Eight Preparation: R2 to R3) | D11: Where to start | E11: Use Matrix for the overview, Full Register for the source-level record, and SCF Benchmark/SCF Detail for the external comparison.
A14: FIM relationship classes | F14: SCF benchmark outcomes
A15: Code | B15: Meaning | C15: Working test | D15: Coverage | F15: Code | G15: Meaning | H15: Interpretation
A16: R1 | B16: Direct | C16: Source directly addresses substantially the same IR capability or outcome. | D16: Equivalent + inclusive | F16: V1 | G16: Corroborated | H16: Comparable SCF evidence supports the FIM interpretation.
A17: R2 | B17: Functionally equivalent | C17: Different structure or terminology, but materially the same operational function. | D17: Equivalent + inclusive | F17: V2 | G17: Partially corroborated | H17: General relationship is supported, with a scope/granularity difference.
A18: R3 | B18: Partial | C18: Meaningful overlap, but narrower/different scope, actors or lifecycle position. | D18: Inclusive only | F18: V3 | G18: Divergent | H18: Material difference; primary-source review required.
A19: R4 | B19: Supporting / indirect | C19: Enables or strengthens the capability but does not itself implement it. | D19: Not substantive | F19: V4 | G19: Contextual support | H19: Relevant external context, but not an exact comparison.
A20: R0 | B20: No match | C20: No defensible substantive or supporting relationship in the defined scope. | D20: Not substantive | F20: V0 | G20: No comparator | H20: No sufficiently comparable SCF mapping for this instrument/version.
A23: Seven operational pivot elements
A24: Code | B24: Pivot | C24: Scope | E24: Matrix | F24: 42-cell overview
A25: P | B25: Preparation | C25: Planning, roles, training and readiness before an incident. | E25: Full Register | F25: Source-level mapping record
A26: D | B26: Detection and Analysis | C26: Monitoring, triage, validation and incident analysis. | E26: Coverage | F26: Descriptive coverage summaries
A27: C | B27: Containment | C27: Actions that limit the scope and impact of an active incident. | E27: SCF Benchmark | F27: External benchmark summary
A28: E | B28: Eradication | C28: Removal of incident-specific artefacts and root causes. | E28: SCF Detail | F28: Cell-level benchmark record
A29: R | B29: Recovery | C29: Restoration to a trusted operational state, with verification. | E29: Change Log | F29: Version and review history
A30: L | B30: Post-Incident Review and Learning | C30: Structured review and feedback into plans, procedures and controls. | E30: Sources | F30: Editions and official source locations
A31: K | B31: Communication | C31: Internal, stakeholder and regulatory communication/reporting.
A34: Evidence boundary: this workbook documents researcher-led framework correspondence and an external documentary comparison. Coverage percentages describe the coding in this register; they are not measures of framework quality, organisational effectiveness, or empirical validity.
A38: Copyright © 2026 Muntathar Abid. All rights reserved. Public availability is provided for academic review, citation and reproducibility; reuse or redistribution of the researcher-developed artefact requires permission.

Sheet Full Register
A1: Full 42-Cell Framework Integration Register
A3: Public register of the final v3.2 FIM classes. Source wording is paraphrased and linked to official publications.
A5: Framework | B5: Pivot | C5: Relationship | D5: Source evidence | E5: Rationale | F5: Notes / ambiguity | G5: Equivalent scope? | H5: Inclusive substantive? | I5: Edition | J5: Official source
A6: NIST CSF 2.0 | B6: Preparation | C6: R1 | D6: GV.RR-02; PR.AT-02 | E6: NIST directly addresses preparation through roles, training and planning outcomes; SP 800-61 Rev. 3 places these within incident response. | F6: Preparation is distributed across CSF functions rather than expressed as one response phase. | G6: Yes | H6: Yes | I6: Version 2.0 (NIST CSWP 29, February 2024); companion NIST SP 800-61 Rev. 3 (2025) | J6: https://www.nist.gov/publications/nist-cybersecurity-framework-csf-20
A7: NIST CSF 2.0 | B7: Detection and Analysis | C7: R1 | D7: DE.CM; DE.AE; RS.MA-02; RS.MA-03; RS.AN-03; RS.AN-07; RS.AN-08 | E7: Continuous monitoring, triage and incident analysis are stated directly as detection and response outcomes. | F7: Companion SP 800-61 Rev. 3 supports the incident-response interpretation. | G7: Yes | H7: Yes | I7: Version 2.0 (NIST CSWP 29, February 2024); companion NIST SP 800-61 Rev. 3 (2025) | J7: https://www.nist.gov/publications/nist-cybersecurity-framework-csf-20
A8: NIST CSF 2.0 | B8: Containment | C8: R1 | D8: RS.MI-01 | E8: The incident mitigation outcome directly addresses containment. | F8: Companion SP 800-61 Rev. 3 places the activity within response. | G8: Yes | H8: Yes | I8: Version 2.0 (NIST CSWP 29, February 2024); companion NIST SP 800-61 Rev. 3 (2025) | J8: https://www.nist.gov/publications/nist-cybersecurity-framework-csf-20
A9: NIST CSF 2.0 | B9: Eradication | C9: R1 | D9: RS.MI-02 | E9: The incident mitigation outcome directly addresses eradication. | F9: Companion SP 800-61 Rev. 3 places the activity within response. | G9: Yes | H9: Yes | I9: Version 2.0 (NIST CSWP 29, February 2024); companion NIST SP 800-61 Rev. 3 (2025) | J9: https://www.nist.gov/publications/nist-cybersecurity-framework-csf-20
A10: NIST CSF 2.0 | B10: Recovery | C10: R1 | D10: RC.RP-01 to RC.RP-06 | E10: The recovery outcomes directly cover execution of recovery and restoration activities. | F10: Companion SP 800-61 Rev. 3 supports the lifecycle interpretation. | G10: Yes | H10: Yes | I10: Version 2.0 (NIST CSWP 29, February 2024); companion NIST SP 800-61 Rev. 3 (2025) | J10: https://www.nist.gov/publications/nist-cybersecurity-framework-csf-20
A11: NIST CSF 2.0 | B11: Post-Incident Review and Learning | C11: R2 | D11: ID.IM-01 to ID.IM-04 (Improvement category) | E11: NIST performs the learning function through continuous improvement rather than a discrete final review phase. | F11: Functionally equivalent, but structurally positioned differently from a traditional post-incident review phase. | G11: Yes | H11: Yes | I11: Version 2.0 (NIST CSWP 29, February 2024); companion NIST SP 800-61 Rev. 3 (2025) | J11: https://www.nist.gov/publications/nist-cybersecurity-framework-csf-20
A12: NIST CSF 2.0 | B12: Communication | C12: R1 | D12: RS.CO-02; RS.CO-03; RC.CO-03; RC.CO-04 | E12: Response and recovery communication outcomes directly require incident-related reporting and communication. | F12: Companion SP 800-61 Rev. 3 supports the incident-response interpretation. | G12: Yes | H12: Yes | I12: Version 2.0 (NIST CSWP 29, February 2024); companion NIST SP 800-61 Rev. 3 (2025) | J12: https://www.nist.gov/publications/nist-cybersecurity-framework-csf-20
A13: ISO/IEC 27035 | B13: Preparation | C13: R1 | D13: Plan and prepare phase (Clause 5.2) | E13: The standard directly defines planning and preparation as a distinct incident-management phase. | F13: Direct phase-level correspondence. | G13: Yes | H13: Yes | I13: ISO/IEC 27035-1:2023, Edition 2 (February 2023) | J13: https://www.iso.org/standard/78973.html
A14: ISO/IEC 27035 | B14: Detection and Analysis | C14: R2 | D14: Detect and report + assess and decide phases (Clauses 5.3 and 5.4) | E14: ISO splits this pivot across two phases; taken together they perform the same detection, assessment and decision function. | F14: Composite mapping, so R2 is more conservative than treating either phase alone as a direct match. | G14: Yes | H14: Yes | I14: ISO/IEC 27035-1:2023, Edition 2 (February 2023) | J14: https://www.iso.org/standard/78973.html
A15: ISO/IEC 27035 | B15: Containment | C15: R3 | D15: Respond phase (Clause 5.5) | E15: Containment is included within the broader Respond phase but is not separated as its own phase. | F15: Meaningful overlap, but the broader phase prevents a direct or equivalent-scope classification. | G15: No | H15: Yes | I15: ISO/IEC 27035-1:2023, Edition 2 (February 2023) | J15: https://www.iso.org/standard/78973.html
A16: ISO/IEC 27035 | B16: Eradication | C16: R3 | D16: Respond phase (Clause 5.5) | E16: Eradication is included within the broader Respond phase but is not separated as its own phase. | F16: Conservatively treated as partial rather than inferring a stand-alone eradication process. | G16: No | H16: Yes | I16: ISO/IEC 27035-1:2023, Edition 2 (February 2023) | J16: https://www.iso.org/standard/78973.html
... A47: ASD Essential Eight | B47: Communication | C47: R1 | D47: ML2+ requirement to report incidents to the CISO/delegate and ASD (November 2023 update) | E47: The November 2023 model directly requires incident reporting to the CISO/delegate and ASD at Maturity Level 2 and above. | F47: Classification is conditioned on the applicable maturity level. | G47: Yes | H47: Yes | I47: Essential Eight Maturity Model, November 2023 update | J47: https://www.cyber.gov.au/business-government/asds-cyber-security-frameworks/essential-eight/essential-eight-maturity-model

Sheet Matrix
A1: Framework-to-Pivot Relationship Matrix
A4: Pivot | B4: NIST CSF 2.0 | C4: ISO/IEC 27035 | D4: MITRE ATT&CK | E4: COBIT 2019 | F4: CIS Controls v8.1 | G4: ASD Essential Eight | H4: Plain-English takeaway
A5: Preparation | B5: R1 | C5: R1 | D5: R4 | E5: R2 | F5: R1 | G5: R3 | H5: Directly or equivalently addressed by four instruments; partial in the Essential Eight following primary-source review; supporting only in ATT&CK.
A6: Detection and Analysis | B6: R1 | C6: R2 | D6: R2 | E6: R1 | F6: R2 | G6: R1 | H6: The strongest shared pivot: all six provide direct or functionally equivalent support.
A7: Containment | B7: R1 | C7: R3 | D7: R3 | E7: R3 | F7: R3 | G7: R4 | H7: Only the NIST CSF is direct; four instruments overlap partially; the Essential Eight is supporting only.
A8: Eradication | B8: R1 | C8: R3 | D8: R3 | E8: R3 | F8: R3 | G8: R4 | H8: Only the NIST CSF is direct; four instruments overlap partially; the Essential Eight is supporting only.
A9: Recovery | B9: R1 | C9: R3 | D9: R0 | E9: R1 | F9: R1 | G9: R2 | H9: Strong in most governance/process/control frameworks; absent from ATT&CK.
A10: Post-Incident Review and Learning | B10: R2 | C10: R1 | D10: R0 | E10: R2 | F10: R1 | G10: R0 | H10: Present in four frameworks; absent from ATT&CK and Essential Eight.
A11: Communication | B11: R1 | C11: R1 | D11: R4 | E11: R2 | F11: R1 | G11: R1 | H11: Strong in five frameworks; ATT&CK provides technical vocabulary but not stakeholder/regulatory communication.
A14: Reading rule: R1/R2 = equivalent-scope correspondence; R3 = substantive only under the inclusive view; R4/R0 are reported but are not counted as substantive coverage.

Sheet Coverage
A1: Coverage Summary
A3: Descriptive coverage of the final v3.2 coding. Equivalent scope = R1+R2; inclusive substantive = R1+R2+R3.
A5: Framework | B5: Equivalent count | C5: Equivalent % | D5: Inclusive count | E5: Inclusive % | F5: Sensitivity (pp) | H5: Relationship class | I5: Count
A6: NIST CSF 2.0 | B6: =COUNTIFS('Full Register'!$A$6:$A$47,$A6,'Full Register'!$C$6:$C$47,"R1")+COUNTIFS('Full Register'!$A$6:$A$47,$A6,'Full Register'!$C$6:$C$47,"R2") -> 7 | C6: =B6/7 -> 1 | D6: =B6+COUNTIFS('Full Register'!$A$6:$A$47,$A6,'Full Register'!$C$6:$C$47,"R3") -> 7 | E6: =D6/7 -> 1 | F6: =(E6-C6)*100 -> 0 | H6: R1 | I6: =COUNTIF('Full Register'!$C$6:$C$47,H6) -> 17
A7: ISO/IEC 27035 | B7: =COUNTIFS('Full Register'!$A$6:$A$47,$A7,'Full Register'!$C$6:$C$47,"R1")+COUNTIFS('Full Register'!$A$6:$A$47,$A7,'Full Register'!$C$6:$C$47,"R2") -> 4 | C7: =B7/7 -> 0.57142857 | D7: =B7+COUNTIFS('Full Register'!$A$6:$A$47,$A7,'Full Register'!$C$6:$C$47,"R3") -> 7 | E7: =D7/7 -> 1 | F7: =(E7-C7)*100 -> 42.857143 | H7: R2 | I7: =COUNTIF('Full Register'!$C$6:$C$47,H7) -> 8
A8: MITRE ATT&CK | B8: =COUNTIFS('Full Register'!$A$6:$A$47,$A8,'Full Register'!$C$6:$C$47,"R1")+COUNTIFS('Full Register'!$A$6:$A$47,$A8,'Full Register'!$C$6:$C$47,"R2") -> 1 | C8: =B8/7 -> 0.14285714 | D8: =B8+COUNTIFS('Full Register'!$A$6:$A$47,$A8,'Full Register'!$C$6:$C$47,"R3") -> 3 | E8: =D8/7 -> 0.42857143 | F8: =(E8-C8)*100 -> 28.571429 | H8: R3 | I8: =COUNTIF('Full Register'!$C$6:$C$47,H8) -> 10
A9: COBIT 2019 | B9: =COUNTIFS('Full Register'!$A$6:$A$47,$A9,'Full Register'!$C$6:$C$47,"R1")+COUNTIFS('Full Register'!$A$6:$A$47,$A9,'Full Register'!$C$6:$C$47,"R2") -> 5 | C9: =B9/7 -> 0.71428571 | D9: =B9+COUNTIFS('Full Register'!$A$6:$A$47,$A9,'Full Register'!$C$6:$C$47,"R3") -> 7 | E9: =D9/7 -> 1 | F9: =(E9-C9)*100 -> 28.571429 | H9: R4 | I9: =COUNTIF('Full Register'!$C$6:$C$47,H9) -> 4
A10: CIS Controls v8.1 | B10: =COUNTIFS('Full Register'!$A$6:$A$47,$A10,'Full Register'!$C$6:$C$47,"R1")+COUNTIFS('Full Register'!$A$6:$A$47,$A10,'Full Register'!$C$6:$C$47,"R2") -> 5 | C10: =B10/7 -> 0.71428571 | D10: =B10+COUNTIFS('Full Register'!$A$6:$A$47,$A10,'Full Register'!$C$6:$C$47,"R3") -> 7 | E10: =D10/7 -> 1 | F10: =(E10-C10)*100 -> 28.571429 | H10: R0 | I10: =COUNTIF('Full Register'!$C$6:$C$47,H10) -> 3
A11: ASD Essential Eight | B11: =COUNTIFS('Full Register'!$A$6:$A$47,$A11,'Full Register'!$C$6:$C$47,"R1")+COUNTIFS('Full Register'!$A$6:$A$47,$A11,'Full Register'!$C$6:$C$47,"R2") -> 3 | C11: =B11/7 -> 0.42857143 | D11: =B11+COUNTIFS('Full Register'!$A$6:$A$47,$A11,'Full Register'!$C$6:$C$47,"R3") -> 4 | E11: =D11/7 -> 0.57142857 | F11: =(E11-C11)*100 -> 14.285714
H13: Overall view | I13: Value
A14: Pivot | B14: Equivalent count | C14: Equivalent % | D14: Inclusive count | E14: Inclusive % | F14: Sensitivity (pp) | H14: Equivalent-scope coverage | I14: =(COUNTIF('Full Register'!$C$6:$C$47,"R1")+COUNTIF('Full Register'!$C$6:$C$47,"R2"))/42 -> 0.5952381
A15: Preparation | B15: =COUNTIFS('Full Register'!$B$6:$B$47,$A15,'Full Register'!$C$6:$C$47,"R1")+COUNTIFS('Full Register'!$B$6:$B$47,$A15,'Full Register'!$C$6:$C$47,"R2") -> 4 | C15: =B15/6 -> 0.66666667 | D15: =B15+COUNTIFS('Full Register'!$B$6:$B$47,$A15,'Full Register'!$C$6:$C$47,"R3") -> 5 | E15: =D15/6 -> 0.83333333 | F15: =(E15-C15)*100 -> 16.666667 | H15: Inclusive substantive coverage | I15: =(COUNTIF('Full Register'!$C$6:$C$47,"R1")+COUNTIF('Full Register'!$C$6:$C$47,"R2")+COUNTIF('Full Register'!$C$6:$C$47,"R3"))/42 -> 0.83333333
A16: Detection and Analysis | B16: =COUNTIFS('Full Register'!$B$6:$B$47,$A16,'Full Register'!$C$6:$C$47,"R1")+COUNTIFS('Full Register'!$B$6:$B$47,$A16,'Full Register'!$C$6:$C$47,"R2") -> 6 | C16: =B16/6 -> 1 | D16: =B16+COUNTIFS('Full Register'!$B$6:$B$47,$A16,'Full Register'!$C$6:$C$47,"R3") -> 6 | E16: =D16/6 -> 1 | F16: =(E16-C16)*100 -> 0 | H16: Register size | I16: 42 cells
A17: Containment | B17: =COUNTIFS('Full Register'!$B$6:$B$47,$A17,'Full Register'!$C$6:$C$47,"R1")+COUNTIFS('Full Register'!$B$6:$B$47,$A17,'Full Register'!$C$6:$C$47,"R2") -> 1 | C17: =B17/6 -> 0.16666667 | D17: =B17+COUNTIFS('Full Register'!$B$6:$B$47,$A17,'Full Register'!$C$6:$C$47,"R3") -> 5 | E17: =D17/6 -> 0.83333333 | F17: =(E17-C17)*100 -> 66.666667
A18: Eradication | B18: =COUNTIFS('Full Register'!$B$6:$B$47,$A18,'Full Register'!$C$6:$C$47,"R1")+COUNTIFS('Full Register'!$B$6:$B$47,$A18,'Full Register'!$C$6:$C$47,"R2") -> 1 | C18: =B18/6 -> 0.16666667 | D18: =B18+COUNTIFS('Full Register'!$B$6:$B$47,$A18,'Full Register'!$C$6:$C$47,"R3") -> 5 | E18: =D18/6 -> 0.83333333 | F18: =(E18-C18)*100 -> 66.666667
A19: Recovery | B19: =COUNTIFS('Full Register'!$B$6:$B$47,$A19,'Full Register'!$C$6:$C$47,"R1")+COUNTIFS('Full Register'!$B$6:$B$47,$A19,'Full Register'!$C$6:$C$47,"R2") -> 4 | C19: =B19/6 -> 0.66666667 | D19: =B19+COUNTIFS('Full Register'!$B$6:$B$47,$A19,'Full Register'!$C$6:$C$47,"R3") -> 5 | E19: =D19/6 -> 0.83333333 | F19: =(E19-C19)*100 -> 16.666667 | H19: Interpretation: these percentages describe the relationship coding in this register. They should not be read as a score of framework quality or effectiveness.
A20: Post-Incident Review and Learning | B20: =COUNTIFS('Full Register'!$B$6:$B$47,$A20,'Full Register'!$C$6:$C$47,"R1")+COUNTIFS('Full Register'!$B$6:$B$47,$A20,'Full Register'!$C$6:$C$47,"R2") -> 4 | C20: =B20/6 -> 0.66666667 | D20: =B20+COUNTIFS('Full Register'!$B$6:$B$47,$A20,'Full Register'!$C$6:$C$47,"R3") -> 4 | E20: =D20/6 -> 0.66666667 | F20: =(E20-C20)*100 -> 0
A21: Communication | B21: =COUNTIFS('Full Register'!$B$6:$B$47,$A21,'Full Register'!$C$6:$C$47,"R1")+COUNTIFS('Full Register'!$B$6:$B$47,$A21,'Full Register'!$C$6:$C$47,"R2") -> 5 | C21: =B21/6 -> 0.83333333 | D21: =B21+COUNTIFS('Full Register'!$B$6:$B$47,$A21,'Full Register'!$C$6:$C$47,"R3") -> 5 | E21: =D21/6 -> 0.83333333 | F21: =(E21-C21)*100 -> 0

Sheet SCF Detail
A1: SCF 2026.2 External Documentary Benchmark: 42-Cell Detail
A3: Comparison status is documentary only. V3 indicates a material divergence requiring primary-source review; V0 means no sufficiently comparable SCF mapping was available.
A5: Cell ID | B5: Framework | C5: Pivot | D5: Original class | E5: Comparator? | F5: SCF control reference(s) | G5: SCF relationship | H5: Comparability | I5: Outcome | J5: Primary-source review? | K5: Final class | L5: Changed? | M5: Benchmark note
A6: CSF-P | B6: NIST CSF 2.0 | C6: Preparation | D6: R1 | E6: Y | F6: GOV-04; HRS-02; HRS-03; SAT-03 family; IRO-01; IRO-04; IRO-07 | G6: GV.RR-02 -> GOV-04/HRS-02/HRS-03 (Intersects With, 5-8); PR.AT-02 -> SAT-03 family (Intersects With, 5); RS -> IRO-01 (Subset Of, 10); RS.MA family -> IRO-04/IRO-07 (Intersects With, 5) | H6: EXACT | I6: V1 | J6: N | K6: R1 | L6: N | M6: Preparation content is stated as discrete FDEs distributed across Govern, Protect and Respond and maps substantively to governance, personnel, training and IR-planning controls; the distributed, composite character is exactly the register reading.
A7: CSF-D | B7: NIST CSF 2.0 | C7: Detection and analysis | D7: R1 | E7: Y | F7: MON-01; MON-02/-02.1; IRO-02; IRO-02.4; IRO-08; IRO-13 | G7: DE.CM-01 -> MON-01 (Subset Of, 10); RS.MA-03 -> IRO-02.4 (Equal, 10); RS.AN-08 -> IRO-02.4 (Equal, 10); RS.AN-07 -> IRO-08 (Subset Of, 10); RS.AN-03 -> IRO-13 (Equal, 10); DE.AE family -> IRO-02/MON-02 (Intersects With, 3-10) | H7: EXACT | I7: V1 | J7: N | K7: R1 | L7: N | M7: Detection and analysis outcomes are discretely stated and map at Equal or Subset Of with maximum strength to monitoring, triage-classification, forensic and analysis controls; the strongest corroboration pattern in the CSF column.
A8: CSF-C | B8: NIST CSF 2.0 | C8: Containment | D8: R1 | E8: Y | F8: IRO-02 | G8: RS.MI-01 -> IRO-02 (Subset Of, 10) | H8: EXACT | I8: V1 | J8: N | K8: R1 | L8: N | M8: A discrete containment FDE exists and is recorded as fully contained by the composite Incident Handling control at maximum strength, corroborating that the CSF states containment as a discrete outcome (the basis of the row's only R1). The SCF itself holds no discrete containment control; the FDE subsets into the composite.
A9: CSF-E | B9: NIST CSF 2.0 | C9: Eradication | D9: R1 | E9: Y | F9: IRO-02 | G9: RS.MI-02 -> IRO-02 (Subset Of, 10) | H9: EXACT | I9: V1 | J9: N | K9: R1 | L9: N | M9: A discrete eradication FDE exists and subsets the composite handling control at maximum strength; same corroboration structure as containment.
A10: CSF-R | B10: NIST CSF 2.0 | C10: Recovery | D10: R1 | E10: Y | F10: BCD-01; BCD-01.4/.5; BCD-02; BCD-12; BCD-13.1; IRO-02; IRO-09 | G10: RC.RP-02/-04 -> BCD-01 (Subset Of, 10); RC.RP-05 -> BCD-12 (Subset Of, 10); RC.RP-01/-03 -> BCD recovery controls (Intersects With, 5); RC.RP-06 -> IRO-02/IRO-09 (Intersects With, 5) | H10: EXACT | I10: V1 | J10: N | K10: R1 | L10: N | M10: All six recovery-plan-execution FDEs are mapped, three at Subset Of maximum strength into continuity and recovery-reconstitution controls; recovery is stated granularly and corroborated as direct.
A11: CSF-L | B11: NIST CSF 2.0 | C11: Post-incident review and learning | D11: R2 | E11: Y | F11: IRO-13; BCD-05; IRO-04/-04.2; CPL-03; IAO; TDA; TPM (breadth of ID.IM) | G11: ID.IM-02/-03 -> IRO-13/BCD-05 (Intersects With, 5); ID.IM-01/-04 -> improvement-adjacent controls across CPL/IAO/TDA/TPM/BCD (Intersects With, 5); separately RS.AN-03 -> IRO-13 (Equal, 10) | H11: EXACT | I11: V2 | J11: N | K11: R2 | L11: N | M11: Supports the register reading that learning is expressed through continuous improvement rather than a discrete review phase: the ID.IM anchors reach lessons-learned controls only by intersection within a much broader improvement scope, while the SCF's strongest lessons-learned equivalence attaches to a different FDE (RS.AN-03). Material difference in granularity and anchor position; no inconsistency with R2.
A12: CSF-K | B12: NIST CSF 2.0 | C12: Communication | D12: R1 | E12: Y | F12: IRO-10/-10.2/-10.4; IRO-16; BCD-01.6; IRO-02 | G12: RC.CO-03 -> BCD-01.6 (Equal, 10); RC.CO-04 -> IRO-16 (Subset Of, 10); RS.CO-02/-03 -> IRO-10 family (Intersects With, 5) | H12: EXACT | I12: V1 | J12: N | K12: R1 | L12: N | M12: Communication outcomes are discretely stated and map to reporting, recovery-communication and reputation controls, two at Equal or Subset Of maximum strength; corroborates direct statement of the communication function.
A13: ISO-P | B13: ISO/IEC 27035 | C13: Preparation | D13: R1 | E13: N | F13: n/a | G13: None | H13: NO COMPARATOR | I13: V0 | J13: N | K13: R1 | L13: N | M13: ISO/IEC 27035 is not among the 252 focal documents of SCF 2026.2; the ISO-family coverage is confined to ISO/IEC 27001:2022 and 27002:2022, which were not accepted as substitutes. No defensible comparison exists for this instrument.
A14: ISO-D | B14: ISO/IEC 27035 | C14: Detection and analysis | D14: R2 | E14: N | F14: n/a | G14: None | H14: NO COMPARATOR | I14: V0 | J14: N | K14: R2 | L14: N | M14: ISO/IEC 27035 is not among the 252 focal documents of SCF 2026.2; the ISO-family coverage is confined to ISO/IEC 27001:2022 and 27002:2022, which were not accepted as substitutes. No defensible comparison exists for this instrument.
A15: ISO-C | B15: ISO/IEC 27035 | C15: Containment | D15: R3 | E15: N | F15: n/a | G15: None | H15: NO COMPARATOR | I15: V0 | J15: N | K15: R3 | L15: N | M15: ISO/IEC 27035 is not among the 252 focal documents of SCF 2026.2; the ISO-family coverage is confined to ISO/IEC 27001:2022 and 27002:2022, which were not accepted as substitutes. No defensible comparison exists for this instrument.
A16: ISO-E | B16: ISO/IEC 27035 | C16: Eradication | D16: R3 | E16: N | F16: n/a | G16: None | H16: NO COMPARATOR | I16: V0 | J16: N | K16: R3 | L16: N | M16: ISO/IEC 27035 is not among the 252 focal documents of SCF 2026.2; the ISO-family coverage is confined to ISO/IEC 27001:2022 and 27002:2022, which were not accepted as substitutes. No defensible comparison exists for this instrument.
... A47: E8-K | B47: ASD Essential Eight | C47: Communication | D47: R1 | E47: Y | F47: IRO-10 | G47: Reporting FDEs -> IRO-10 Incident Stakeholder Reporting (Subset Of, 10); present at ML2 and ML3 only | H47: NEAR | I47: V1 | J47: N | K47: R1 | L47: N | M47: Corroborates the maturity-conditioned direct (R1) reading: the November 2023 reporting requirements exist as ML2 and ML3 FDEs and are recorded as subsets of the stakeholder-reporting control at maximum strength.

Sheet SCF Benchmark
A1: SCF 2026.2 External Documentary Benchmark: Summary
A3: Benchmark executed 3 September 2026. Percentages are reported over the 28 cells judged sufficiently comparable, not over all 42 cells.
A5: Framework | B5: Comparator | C5: Comparable | D5: V1 | E5: V2 | F5: V3 | G5: V4 | H5: V0 | I5: Changed
A6: NIST CSF 2.0 | B6: Exact | C6: =COUNTIFS('SCF Detail'!$B$6:$B$47,$A6,'SCF Detail'!$I$6:$I$47,"<>V0") -> 7 | D6: =COUNTIFS('SCF Detail'!$B$6:$B$47,$A6,'SCF Detail'!$I$6:$I$47,"V1") -> 6 | E6: =COUNTIFS('SCF Detail'!$B$6:$B$47,$A6,'SCF Detail'!$I$6:$I$47,"V2") -> 1 | F6: =COUNTIFS('SCF Detail'!$B$6:$B$47,$A6,'SCF Detail'!$I$6:$I$47,"V3") -> 0 | G6: =COUNTIFS('SCF Detail'!$B$6:$B$47,$A6,'SCF Detail'!$I$6:$I$47,"V4") -> 0 | H6: =COUNTIFS('SCF Detail'!$B$6:$B$47,$A6,'SCF Detail'!$I$6:$I$47,"V0") -> 0 | I6: =COUNTIFS('SCF Detail'!$B$6:$B$47,$A6,'SCF Detail'!$L$6:$L$47,"Y") -> 0
A7: ISO/IEC 27035 | B7: None | C7: =COUNTIFS('SCF Detail'!$B$6:$B$47,$A7,'SCF Detail'!$I$6:$I$47,"<>V0") -> 0 | D7: =COUNTIFS('SCF Detail'!$B$6:$B$47,$A7,'SCF Detail'!$I$6:$I$47,"V1") -> 0 | E7: =COUNTIFS('SCF Detail'!$B$6:$B$47,$A7,'SCF Detail'!$I$6:$I$47,"V2") -> 0 | F7: =COUNTIFS('SCF Detail'!$B$6:$B$47,$A7,'SCF Detail'!$I$6:$I$47,"V3") -> 0 | G7: =COUNTIFS('SCF Detail'!$B$6:$B$47,$A7,'SCF Detail'!$I$6:$I$47,"V4") -> 0 | H7: =COUNTIFS('SCF Detail'!$B$6:$B$47,$A7,'SCF Detail'!$I$6:$I$47,"V0") -> 7 | I7: =COUNTIFS('SCF Detail'!$B$6:$B$47,$A7,'SCF Detail'!$L$6:$L$47,"Y") -> 0
A8: MITRE ATT&CK | B8: Related, not comparable | C8: =COUNTIFS('SCF Detail'!$B$6:$B$47,$A8,'SCF Detail'!$I$6:$I$47,"<>V0") -> 0 | D8: =COUNTIFS('SCF Detail'!$B$6:$B$47,$A8,'SCF Detail'!$I$6:$I$47,"V1") -> 0 | E8: =COUNTIFS('SCF Detail'!$B$6:$B$47,$A8,'SCF Detail'!$I$6:$I$47,"V2") -> 0 | F8: =COUNTIFS('SCF Detail'!$B$6:$B$47,$A8,'SCF Detail'!$I$6:$I$47,"V3") -> 0 | G8: =COUNTIFS('SCF Detail'!$B$6:$B$47,$A8,'SCF Detail'!$I$6:$I$47,"V4") -> 0 | H8: =COUNTIFS('SCF Detail'!$B$6:$B$47,$A8,'SCF Detail'!$I$6:$I$47,"V0") -> 7 | I8: =COUNTIFS('SCF Detail'!$B$6:$B$47,$A8,'SCF Detail'!$L$6:$L$47,"Y") -> 0
A9: COBIT 2019 | B9: Exact | C9: =COUNTIFS('SCF Detail'!$B$6:$B$47,$A9,'SCF Detail'!$I$6:$I$47,"<>V0") -> 7 | D9: =COUNTIFS('SCF Detail'!$B$6:$B$47,$A9,'SCF Detail'!$I$6:$I$47,"V1") -> 5 | E9: =COUNTIFS('SCF Detail'!$B$6:$B$47,$A9,'SCF Detail'!$I$6:$I$47,"V2") -> 2 | F9: =COUNTIFS('SCF Detail'!$B$6:$B$47,$A9,'SCF Detail'!$I$6:$I$47,"V3") -> 0 | G9: =COUNTIFS('SCF Detail'!$B$6:$B$47,$A9,'SCF Detail'!$I$6:$I$47,"V4") -> 0 | H9: =COUNTIFS('SCF Detail'!$B$6:$B$47,$A9,'SCF Detail'!$I$6:$I$47,"V0") -> 0 | I9: =COUNTIFS('SCF Detail'!$B$6:$B$47,$A9,'SCF Detail'!$L$6:$L$47,"Y") -> 0
A10: CIS Controls v8.1 | B10: Exact | C10: =COUNTIFS('SCF Detail'!$B$6:$B$47,$A10,'SCF Detail'!$I$6:$I$47,"<>V0") -> 7 | D10: =COUNTIFS('SCF Detail'!$B$6:$B$47,$A10,'SCF Detail'!$I$6:$I$47,"V1") -> 6 | E10: =COUNTIFS('SCF Detail'!$B$6:$B$47,$A10,'SCF Detail'!$I$6:$I$47,"V2") -> 1 | F10: =COUNTIFS('SCF Detail'!$B$6:$B$47,$A10,'SCF Detail'!$I$6:$I$47,"V3") -> 0 | G10: =COUNTIFS('SCF Detail'!$B$6:$B$47,$A10,'SCF Detail'!$I$6:$I$47,"V4") -> 0 | H10: =COUNTIFS('SCF Detail'!$B$6:$B$47,$A10,'SCF Detail'!$I$6:$I$47,"V0") -> 0 | I10: =COUNTIFS('SCF Detail'!$B$6:$B$47,$A10,'SCF Detail'!$L$6:$L$47,"Y") -> 0
A11: ASD Essential Eight | B11: Near | C11: =COUNTIFS('SCF Detail'!$B$6:$B$47,$A11,'SCF Detail'!$I$6:$I$47,"<>V0") -> 7 | D11: =COUNTIFS('SCF Detail'!$B$6:$B$47,$A11,'SCF Detail'!$I$6:$I$47,"V1") -> 4 | E11: =COUNTIFS('SCF Detail'!$B$6:$B$47,$A11,'SCF Detail'!$I$6:$I$47,"V2") -> 2 | F11: =COUNTIFS('SCF Detail'!$B$6:$B$47,$A11,'SCF Detail'!$I$6:$I$47,"V3") -> 1 | G11: =COUNTIFS('SCF Detail'!$B$6:$B$47,$A11,'SCF Detail'!$I$6:$I$47,"V4") -> 0 | H11: =COUNTIFS('SCF Detail'!$B$6:$B$47,$A11,'SCF Detail'!$I$6:$I$47,"V0") -> 0 | I11: =COUNTIFS('SCF Detail'!$B$6:$B$47,$A11,'SCF Detail'!$L$6:$L$47,"Y") -> 1
A13: Total | C13: =SUM(C6:C11) -> 28 | D13: =SUM(D6:D11) -> 21 | E13: =SUM(E6:E11) -> 6 | F13: =SUM(F6:F11) -> 1 | G13: =SUM(G6:G11) -> 0 | H13: =SUM(H6:H11) -> 14 | I13: =SUM(I6:I11) -> 1
A16: Comparable cells | C16: Corroborated | E16: Partially corroborated | H16: Divergent
A17: =C13 -> 28 | C17: =D13/C13 -> 0.75 | E17: =E13/C13 -> 0.21428571 | H17: =F13/C13 -> 0.035714286
A21: Interpretation: of the 28 comparable cells, 21 were corroborated, six were partially corroborated and one produced a material divergence; no cell received a merely contextual outcome (V4). The divergence concerned Essential Eight Preparation. The SCF result prompted a re-check of the primary Essential Eight source, after which the classification was conservatively revised from R2 to R3. All other FIM classifications remained unchanged.

Sheet Sources
A1: Framework and Benchmark Sources
A3: Versions used in the RQ2 register. Official source URLs are provided for traceability; licensed framework text is not reproduced.
A5: Source | B5: Edition / snapshot | C5: Role in RQ2 | D5: Official source
A6: NIST CSF 2.0 | B6: Version 2.0 (NIST CSWP 29, February 2024); companion NIST SP 800-61 Rev. 3 (2025) | C6: Primary FIM source | D6: https://www.nist.gov/publications/nist-cybersecurity-framework-csf-20
A7: ISO/IEC 27035 | B7: ISO/IEC 27035-1:2023, Edition 2 (February 2023) | C7: Primary FIM source | D7: https://www.iso.org/standard/78973.html
A8: MITRE ATT&CK | B8: Enterprise ATT&CK, register snapshot v19.2 | C8: Primary FIM source | D8: https://attack.mitre.org/resources/working-with-attack/
A9: COBIT 2019 | B9: COBIT 2019 Framework: Governance and Management Objectives | C9: Primary FIM source | D9: https://www.isaca.org/resources/cobit
A10: CIS Controls v8.1 | B10: CIS Critical Security Controls v8.1 (June 2024) | C10: Primary FIM source | D10: https://www.cisecurity.org/controls/v8-1
A11: ASD Essential Eight | B11: Essential Eight Maturity Model, November 2023 update | C11: Primary FIM source | D11: https://www.cyber.gov.au/business-government/asds-cyber-security-frameworks/essential-eight/essential-eight-maturity-model
A12: Secure Controls Framework | B12: SCF 2026.2 (workbook generated 8 July 2026; July 2026 STRM record set) | C12: External documentary benchmark | D12: https://securecontrolsframework.com/
